<?xml version="1.0" encoding="UTF-8"?>
<project-private xmlns="http://www.netbeans.org/ns/project-private/1">
    <editor-bookmarks xmlns="http://www.netbeans.org/ns/editor-bookmarks/2" lastBookmarkId="0"/>
    <open-files xmlns="http://www.netbeans.org/ns/projectui-open-files/2">
        <group>
            <file>file:/C:/Users/DELL/Documents/Kuliah/Semester%201/Coba%20COba/Polimorfismedaninheritance/src/polimorfismedaninheritance/HourlyEmployee.java</file>
            <file>file:/C:/Users/DELL/Documents/Kuliah/Semester%201/Coba%20COba/Polimorfismedaninheritance/src/polimorfismedaninheritance/Employee.java</file>
            <file>file:/C:/Users/DELL/Documents/Kuliah/Semester%201/Coba%20COba/Polimorfismedaninheritance/src/polimorfismedaninheritance/Polimorfismedaninheritance.java</file>
            <file>file:/C:/Users/DELL/Documents/Kuliah/Semester%201/Coba%20COba/Polimorfismedaninheritance/src/polimorfismedaninheritance/BasePlusCommissionEmployee.java</file>
            <file>file:/C:/Users/DELL/Documents/Kuliah/Semester%201/Coba%20COba/Polimorfismedaninheritance/src/polimorfismedaninheritance/Pieceworker.java</file>
            <file>file:/C:/Users/DELL/Documents/Kuliah/Semester%201/Coba%20COba/Polimorfismedaninheritance/src/polimorfismedaninheritance/CommissionEmployee.java</file>
            <file>file:/C:/Users/DELL/Documents/Kuliah/Semester%201/Coba%20COba/Polimorfismedaninheritance/src/polimorfismedaninheritance/SalariedEmployee.java</file>
            <file>file:/C:/Users/DELL/Documents/Kuliah/Semester%201/Coba%20COba/Polimorfismedaninheritance/src/polimorfismedaninheritance/Date.java</file>
        </group>
    </open-files>
</project-private>
