<?xml version="1.0" encoding="UTF-8"?>
<project-private xmlns="http://www.netbeans.org/ns/project-private/1">
    <editor-bookmarks xmlns="http://www.netbeans.org/ns/editor-bookmarks/2" lastBookmarkId="0"/>
    <open-files xmlns="http://www.netbeans.org/ns/projectui-open-files/2">
        <group>
            <file>file:/C:/Users/DELL/Documents/Kuliah/Semester%201/Coba%20COba/Civitas/src/civitas/Main.java</file>
            <file>file:/C:/Users/DELL/Documents/Kuliah/Semester%201/Coba%20COba/Civitas/src/civitas/MahasiswaFilkom.java</file>
            <file>file:/C:/Users/DELL/Documents/Kuliah/Semester%201/Coba%20COba/Civitas/src/civitas/Pekerja.java</file>
            <file>file:/C:/Users/DELL/Documents/Kuliah/Semester%201/Coba%20COba/Civitas/src/civitas/Manusia.java</file>
            <file>file:/C:/Users/DELL/Documents/Kuliah/Semester%201/Coba%20COba/Civitas/src/civitas/Manajer.java</file>
        </group>
    </open-files>
</project-private>
